<?xml version="1.0" encoding="UTF-8" standalone="yes"?>
<manifest>
  <control namespace="Dynamicalabs.CustomDatePicker" constructor="DynamicalabsCustomDatePicker" version="0.0.2" display-name-key="DynamicalabsCustomDatePicker" description-key="DynamicalabsCustomDatePicker description" control-type="standard" api-version="1.3.3">
    <property name="Field" display-name-key="Field" description-key="field_Desc_Key" of-type="SingleLine.Text" usage="bound" required="true"/>
    <property name="DateFormat" display-name-key="Date Format" description-key="Please select date format" of-type="Enum" usage="input" required="true" default-value="0">
      <value name="YYYY-MM" display-name-key="YYYY-MM" description-key="YYYY-MM">0</value>
      <value name="MM/DD" display-name-key="MM/DD" description-key="MM/DD">1</value>
    </property>
    <property name="StartYear" display-name-key="Start Year" description-key="Enter a value or leave blank for default. Default: 1990" of-type="SingleLine.Text" usage="input" required="false"/>
    <property name="EndYear" display-name-key="End Year" description-key="Enter a value or leave blank for default. Default: current year + 5" of-type="SingleLine.Text" usage="input" required="false"/>
    <property name="YearOrder" display-name-key="Year Order" description-key="Select to sort years ascending or descending" of-type="Enum" usage="input" required="false" default-value="Desc">
      <value name="Asc" display-name-key="Asc" description-key="Ascending (oldest to newest)">Asc</value>
      <value name="Desc" display-name-key="Desc" description-key="Descending (newest to oldest)">Desc</value>
    </property>
    <resources>
      <code path="bundle.js" order="1"/>
      <css path="css/dnlSaleDateDropdowns.css" order="1"/>
    </resources>
    <built-by name="pac" version="1.9.9"/>
  </control>
</manifest>